{
  "name" : "CivilState",
  "type" : "ENUMVALUES",
  "enumValues" : [ {
    "canonicalName" : "Married",
    "synonyms" : null
  }, {
    "canonicalName" : "Widow",
    "synonyms" : null
  }, {
    "canonicalName" : "Single",
    "synonyms" : null
  }, {
    "canonicalName" : "Divorced",
    "synonyms" : null
  } ],
  "namedEntityRuleParams" : [ ],
  "multiValue" : false,
  "fuzzyMatch" : false,
  "promptForDisambiguation" : true,
  "botPrompts" : [ {
    "text" : "Please enter Entity3",
    "sequenceNr" : null
  } ],
  "validationRules" : [ ],
  "compositeBagItems" : [ ]
}