{
  "name" : "Education",
  "type" : "DERIVED",
  "parentEntity" : "Study",
  "namedEntityRuleParams" : [ {
    "value" : "studied,studying,bachelor,degree in,graduated in,master,and,master in,bachelor in,in,BSc,MSc,I am an,I am a",
    "rule" : {
      "name" : "PRECEDINGPHRASE"
    }
  } ],
  "multiValue" : false,
  "fuzzyMatch" : false,
  "promptForDisambiguation" : true,
  "botPrompts" : [ {
    "text" : "Please enter Entity3",
    "sequenceNr" : null
  } ],
  "validationRules" : [ ],
  "compositeBagItems" : [ ]
}