{
  "name" : "IndStudent",
  "type" : "ENUMVALUES",
  "enumValues" : [ {
    "canonicalName" : "StudentYes",
    "synonyms" : [ "just graduated", "studying", "finishing", "graduated last", "about to finish", "I am a student", "I am still a student" ]
  } ],
  "namedEntityRuleParams" : [ ],
  "multiValue" : false,
  "fuzzyMatch" : false,
  "promptForDisambiguation" : true,
  "botPrompts" : [ {
    "text" : "Please enter Entity3",
    "sequenceNr" : null
  } ],
  "validationRules" : [ ],
  "compositeBagItems" : [ ]
}