{
  "name" : "JobCategory",
  "type" : "ENUMVALUES",
  "enumValues" : [ {
    "canonicalName" : "Sales",
    "synonyms" : null
  }, {
    "canonicalName" : "Sales Management",
    "synonyms" : null
  }, {
    "canonicalName" : "Marketing",
    "synonyms" : [ "PR", "public relations" ]
  }, {
    "canonicalName" : "Online Marketing",
    "synonyms" : null
  }, {
    "canonicalName" : "Pre-sales",
    "synonyms" : null
  } ],
  "namedEntityRuleParams" : [ ],
  "multiValue" : false,
  "fuzzyMatch" : false,
  "promptForDisambiguation" : true,
  "botPrompts" : [ {
    "text" : "Please enter JobCategory",
    "sequenceNr" : null
  } ],
  "validationRules" : [ ],
  "compositeBagItems" : [ ]
}