{
  "name" : "Pastime",
  "type" : "ENUMENTITIES",
  "enumValues" : [ {
    "canonicalName" : "Hobby",
    "synonyms" : null
  }, {
    "canonicalName" : "Sports",
    "synonyms" : null
  } ],
  "namedEntityRuleParams" : [ ],
  "multiValue" : false,
  "fuzzyMatch" : false,
  "promptForDisambiguation" : true,
  "botPrompts" : [ {
    "text" : "What is your value for Pastime?",
    "sequenceNr" : null
  }, {
    "text" : "Please enter Pastime",
    "sequenceNr" : null
  } ],
  "validationRules" : [ ],
  "compositeBagItems" : [ ]
}