{
  "name" : "Find Job",
  "type" : "NLPIntent",
  "intentParameters" : [ {
    "name" : "AllInfo",
    "required" : true,
    "entity" : "AllInfo"
  } ],
  "exampleData" : [ {
    "sentence" : "I need a job",
    "exampleEntities" : [ ]
  }, {
    "sentence" : "show me the job you have",
    "exampleEntities" : [ ]
  }, {
    "sentence" : "I want a well-paid bot",
    "exampleEntities" : [ ]
  }, {
    "sentence" : "What kind of job do you have",
    "exampleEntities" : [ ]
  }, {
    "sentence" : "I am looking for a job",
    "exampleEntities" : [ ]
  } ]
}